{
  "bTc(i)":{
    "bTc(1)":[
      [
        0.9991324463957943,
        0.03463362330181534,
        0.023127185218756646,
        97.39322982181119
      ],
      [
        0.026299186515075786,
        -0.9553094962480726,
        0.294435254626376,
        -1106.047636153911
      ],
      [
        0.032290979356470476,
        -0.29357159010238315,
        -0.9553915501703782,
        709.616799394151
      ],
      [
        0.0,
        0.0,
        0.0,
        1.0
      ]
    ],
    "bTc(2)":[
      [
        0.9991998510087104,
        0.0346336164785289,
        0.02000425839138098,
        97.74262428429782
      ],
      [
        0.02736733534725188,
        -0.9567835855131713,
        0.28951027520375167,
        -1105.0518627861697
      ],
      [
        0.02916653390723772,
        -0.28873116060130966,
        -0.9569658458887965,
        709.7815941948122
      ],
      [
        0.0,
        0.0,
        0.0,
        1.0
      ]
    ],
    "bTc(3)":[
      [
        0.999073502662251,
        0.03525520480822686,
        0.024682115227663982,
        97.073108343101
      ],
      [
        0.026459003418471082,
        -0.9554982531578095,
        0.2938077761913006,
        -1106.8198988189592
      ],
      [
        0.03394197130814688,
        -0.29288249989766574,
        -0.9555458041545742,
        709.7814852004045
      ],
      [
        0.0,
        0.0,
        0.0,
        1.0
      ]
    ],
    "bTc(4)":[
      [
        0.9992150430803239,
        0.03510392330963621,
        0.018357893404681972,
        97.96066749293158
      ],
      [
        0.02826713963872368,
        -0.956483674875898,
        0.29041340966378054,
        -1104.763573932081
      ],
      [
        0.02775367540761771,
        -0.28966652251195557,
        -0.9567251638988072,
        709.8737512333678
      ],
      [
        0.0,
        0.0,
        0.0,
        1.0
      ]
    ],
    "bTc(5)":[
      [
        0.9992016726553895,
        0.03477841865151113,
        0.01965906810538826,
        97.90782973897743
      ],
      [
        0.027748982692687708,
        -0.958200747244658,
        0.28474782165856927,
        -1103.305370541808
      ],
      [
        0.028740412700464492,
        -0.2839749805456104,
        -0.958400855123746,
        710.1986901497361
      ],
      [
        0.0,
        0.0,
        0.0,
        1.0
      ]
    ],
    "bTc(6)":[
      [
        0.9989777586818633,
        0.03557464256914667,
        0.027890544366107713,
        96.73087119199076
      ],
      [
        0.0257981041425053,
        -0.9553105610995465,
        0.2944761275117591,
        -1107.0259208839648
      ],
      [
        0.037120014569135655,
        -0.2934555786788638,
        -0.9552517615061701,
        709.5294776317025
      ],
      [
        0.0,
        0.0,
        0.0,
        1.0
      ]
    ],
    "bTc(7)":[
      [
        0.9988713913242098,
        0.036014010932234795,
        0.030966669349646956,
        96.64456004615656
      ],
      [
        0.025437312340413982,
        -0.956215239778618,
        0.29155678410219904,
        -1106.1836336781191
      ],
      [
        0.040110930367341896,
        -0.2904400217457867,
        -0.956052146607795,
        709.8144182657941
      ],
      [
        0.0,
        0.0,
        0.0,
        1.0
      ]
    ],
    "bTc(8)":[
      [
        0.9991860105085537,
        0.03422982148380771,
        0.021345625434444352,
        98.51329231203366
      ],
      [
        0.026929252935224905,
        -0.9599607661181346,
        0.27883712602563393,
        -1102.154312932847
      ],
      [
        0.030035507992235557,
        -0.2780353337888394,
        -0.9601011516629786,
        711.6448379388273
      ],
      [
        0.0,
        0.0,
        0.0,
        1.0
      ]
    ],
    "bTc(9)":[
      [
        0.9990682536121972,
        0.03538921121882586,
        0.024702800521065632,
        97.65098476828672
      ],
      [
        0.026718313032620657,
        -0.956670839526884,
        0.2899431608912652,
        -1105.5069921715897
      ],
      [
        0.033893308675388055,
        -0.28901299024133265,
        -0.9567250049511605,
        710.3456707820013
      ],
      [
        0.0,
        0.0,
        0.0,
        1.0
      ]
    ],
    "bTc(10)":[
      [
        0.9988749490672291,
        0.03416237742900913,
        0.03289024314806101,
        96.00491969845137
      ],
      [
        0.023410882369763738,
        -0.9583965801443597,
        0.2844783396926133,
        -1103.9852454618112
      ],
      [
        0.041240352964175074,
        -0.283388297457737,
        -0.9581181065773655,
        710.8962641019414
      ],
      [
        0.0,
        0.0,
        0.0,
        1.0
      ]
    ],
    "bTc_average":[
      [
        0.9990800878996522,
        0.03497748501827426,
        0.024362640316719746,
        97.3622087698038
      ],
      [
        0.026443551243273872,
        -0.9568829743707152,
        0.28922060755672485,
        -1105.0844447361258
      ],
      [
        0.03342936872482134,
        -0.28831589755714837,
        -0.9569277390541773,
        710.1482988892739
      ],
      [
        0.0,
        0.0,
        0.0,
        1.0
      ]
    ]
  }
}
