{"p0": [102.84772252942204, -1003.2641610091941, 428.2238049049223, 0.19925875740258842, -0.016452606560417374, 0.052484998005215666, 0.9784020565800835], "p1": [102.8778281276389, -1024.9534687882488, 428.0986466813329, 0.1993966417368534, -0.01640917614371186, 0.052341979602784805, 0.9783823564300467], "p2": [145.7784581502094, -1024.9789878880579, 428.1409863521533, 0.19919978755950501, -0.0163757593274199, 0.052370104133010575, 0.9784215100537167], "p3": [74.89069628393841, -1024.8490058976242, 428.2311660982475, 0.2006417078783693, 0.00038288967620322967, 0.1346326221990129, 0.9703694221764023], "p4": [74.89439072108334, -1024.8809297257694, 428.2480527544135, 0.19629734106468516, -0.034786893108052136, -0.03856349814746102, 0.979168056346537], "p5": [155.7743798738922, -1016.9934115259242, 428.2186149412283, 0.1960568224954245, -0.034734150349853055, -0.03854816190614169, 0.9792187193707694], "p6": [155.89587731166765, -1016.9635967333926, 428.32220981476, 0.11205245161618702, -0.03757195432081297, -0.03488013479140811, 0.9923789460343514], "p7": [72.92456540419279, -1036.5018550489742, 428.42867204556944, 0.02600770255027293, -0.040142559915225556, -0.0308801298599104, 0.9983779804619813], "p8": [134.10830935735268, -1036.4932655779144, 428.5502880825662, 0.03521560461862258, -0.033845215285411186, 0.17624912765599338, 0.983133056912507], "p9": [134.01761089735075, -1036.5182137495535, 428.60811239474396, 0.018639459325391357, -0.12435983663671635, 0.17866768798099075, 0.9758406933814934]}