{
  "rms":1.2758778293503819, 
  "camera_matrix":[
    [
      954.7215420519716, 
      0.0, 
      1032.5517659024401
    ], 
    [
      0.0, 
      955.3891044056796, 
      777.1776027809403
    ], 
    [
      0.0, 
      0.0, 
      1.0
    ]
  ], 
  "dist_coefs":[
    [
      0.07801520946477511, 
      0.10530936999341947, 
      -0.00022580004624929206, 
      0.0015936100753406956, 
      -0.25564135876314076
    ]
  ], 
  "rotational_vectors":{
    "image0":[
      [
        0.06772233734483185
      ], 
      [
        -0.08927183355718016
      ], 
      [
        1.5958813469892323
      ]
    ], 
    "image1":[
      [
        0.07447063690649289
      ], 
      [
        -0.0910041155311171
      ], 
      [
        1.5959430600803735
      ]
    ], 
    "image2":[
      [
        0.06688915960536362
      ], 
      [
        -0.09099970762843305
      ], 
      [
        1.5968179424954823
      ]
    ], 
    "image3":[
      [
        0.03255357016260074
      ], 
      [
        -0.13436935702994895
      ], 
      [
        1.4368052730869576
      ]
    ], 
    "image4":[
      [
        0.12674298681234816
      ], 
      [
        -0.04193921583160243
      ], 
      [
        1.770543706935405
      ]
    ], 
    "image5":[
      [
        0.11150337668321539
      ], 
      [
        -0.038994297973249346
      ], 
      [
        1.771682653419887
      ]
    ], 
    "image6":[
      [
        -0.018114477859818623
      ], 
      [
        0.10134809364504492
      ], 
      [
        1.7624826848991089
      ]
    ], 
    "image7":[
      [
        -0.13058190293135644
      ], 
      [
        0.2438891161981707
      ], 
      [
        1.743665465012004
      ]
    ], 
    "image8":[
      [
        -0.17153261352406285
      ], 
      [
        0.16310343827796395
      ], 
      [
        1.3352910001132623
      ]
    ], 
    "image9":[
      [
        -0.05289055543464103
      ], 
      [
        0.30767883224033155
      ], 
      [
        1.2957354010548867
      ]
    ]
  }, 
  "translational_vectors":{
    "image0":[
      [
        57.81204619777337
      ], 
      [
        -88.21594719179268
      ], 
      [
        200.93595887918462
      ]
    ], 
    "image1":[
      [
        57.56347168800641
      ], 
      [
        -67.40268839037229
      ], 
      [
        193.98272294478187
      ]
    ], 
    "image2":[
      [
        100.23911968673332
      ], 
      [
        -66.71007065556333
      ], 
      [
        196.13051944029888
      ]
    ], 
    "image3":[
      [
        22.11987194929632
      ], 
      [
        -76.2638431056623
      ], 
      [
        195.5631535950886
      ]
    ], 
    "image4":[
      [
        36.066179845802765
      ], 
      [
        -57.326547566435536
      ], 
      [
        190.03767286017802
      ]
    ], 
    "image5":[
      [
        116.77167839215235
      ], 
      [
        -63.823448118922144
      ], 
      [
        196.03548507704033
      ]
    ], 
    "image6":[
      [
        116.60720316956098
      ], 
      [
        -80.09525325833889
      ], 
      [
        208.5839038464606
      ]
    ], 
    "image7":[
      [
        33.26953261362016
      ], 
      [
        -77.35692315310669
      ], 
      [
        214.7448749912591
      ]
    ], 
    "image8":[
      [
        61.96199074443745
      ], 
      [
        -95.10623488944461
      ], 
      [
        221.17139622408328
      ]
    ], 
    "image9":[
      [
        42.96961195498734
      ], 
      [
        -96.4202087117865
      ], 
      [
        217.37253921765586
      ]
    ]
  }, 
  "image_files_names":[
    [
      0, 
      "/home/zema/riveting_catkin_ws/src/zema/sae_camera_calibration/img/img_000.png"
    ], 
    [
      1, 
      "/home/zema/riveting_catkin_ws/src/zema/sae_camera_calibration/img/img_001.png"
    ], 
    [
      2, 
      "/home/zema/riveting_catkin_ws/src/zema/sae_camera_calibration/img/img_002.png"
    ], 
    [
      3, 
      "/home/zema/riveting_catkin_ws/src/zema/sae_camera_calibration/img/img_003.png"
    ], 
    [
      4, 
      "/home/zema/riveting_catkin_ws/src/zema/sae_camera_calibration/img/img_004.png"
    ], 
    [
      5, 
      "/home/zema/riveting_catkin_ws/src/zema/sae_camera_calibration/img/img_005.png"
    ], 
    [
      6, 
      "/home/zema/riveting_catkin_ws/src/zema/sae_camera_calibration/img/img_006.png"
    ], 
    [
      7, 
      "/home/zema/riveting_catkin_ws/src/zema/sae_camera_calibration/img/img_007.png"
    ], 
    [
      8, 
      "/home/zema/riveting_catkin_ws/src/zema/sae_camera_calibration/img/img_008.png"
    ], 
    [
      9, 
      "/home/zema/riveting_catkin_ws/src/zema/sae_camera_calibration/img/img_009.png"
    ]
  ], 
  "Mounting":"Static", 
  "objp":[
    [
      0.0, 
      0.0, 
      0.0
    ], 
    [
      20.0, 
      0.0, 
      0.0
    ], 
    [
      40.0, 
      0.0, 
      0.0
    ], 
    [
      60.0, 
      0.0, 
      0.0
    ], 
    [
      80.0, 
      0.0, 
      0.0
    ], 
    [
      100.0, 
      0.0, 
      0.0
    ], 
    [
      120.0, 
      0.0, 
      0.0
    ], 
    [
      140.0, 
      0.0, 
      0.0
    ], 
    [
      160.0, 
      0.0, 
      0.0
    ], 
    [
      0.0, 
      20.0, 
      0.0
    ], 
    [
      20.0, 
      20.0, 
      0.0
    ], 
    [
      40.0, 
      20.0, 
      0.0
    ], 
    [
      60.0, 
      20.0, 
      0.0
    ], 
    [
      80.0, 
      20.0, 
      0.0
    ], 
    [
      100.0, 
      20.0, 
      0.0
    ], 
    [
      120.0, 
      20.0, 
      0.0
    ], 
    [
      140.0, 
      20.0, 
      0.0
    ], 
    [
      160.0, 
      20.0, 
      0.0
    ], 
    [
      0.0, 
      40.0, 
      0.0
    ], 
    [
      20.0, 
      40.0, 
      0.0
    ], 
    [
      40.0, 
      40.0, 
      0.0
    ], 
    [
      60.0, 
      40.0, 
      0.0
    ], 
    [
      80.0, 
      40.0, 
      0.0
    ], 
    [
      100.0, 
      40.0, 
      0.0
    ], 
    [
      120.0, 
      40.0, 
      0.0
    ], 
    [
      140.0, 
      40.0, 
      0.0
    ], 
    [
      160.0, 
      40.0, 
      0.0
    ], 
    [
      0.0, 
      60.0, 
      0.0
    ], 
    [
      20.0, 
      60.0, 
      0.0
    ], 
    [
      40.0, 
      60.0, 
      0.0
    ], 
    [
      60.0, 
      60.0, 
      0.0
    ], 
    [
      80.0, 
      60.0, 
      0.0
    ], 
    [
      100.0, 
      60.0, 
      0.0
    ], 
    [
      120.0, 
      60.0, 
      0.0
    ], 
    [
      140.0, 
      60.0, 
      0.0
    ], 
    [
      160.0, 
      60.0, 
      0.0
    ], 
    [
      0.0, 
      80.0, 
      0.0
    ], 
    [
      20.0, 
      80.0, 
      0.0
    ], 
    [
      40.0, 
      80.0, 
      0.0
    ], 
    [
      60.0, 
      80.0, 
      0.0
    ], 
    [
      80.0, 
      80.0, 
      0.0
    ], 
    [
      100.0, 
      80.0, 
      0.0
    ], 
    [
      120.0, 
      80.0, 
      0.0
    ], 
    [
      140.0, 
      80.0, 
      0.0
    ], 
    [
      160.0, 
      80.0, 
      0.0
    ], 
    [
      0.0, 
      100.0, 
      0.0
    ], 
    [
      20.0, 
      100.0, 
      0.0
    ], 
    [
      40.0, 
      100.0, 
      0.0
    ], 
    [
      60.0, 
      100.0, 
      0.0
    ], 
    [
      80.0, 
      100.0, 
      0.0
    ], 
    [
      100.0, 
      100.0, 
      0.0
    ], 
    [
      120.0, 
      100.0, 
      0.0
    ], 
    [
      140.0, 
      100.0, 
      0.0
    ], 
    [
      160.0, 
      100.0, 
      0.0
    ], 
    [
      0.0, 
      120.0, 
      0.0
    ], 
    [
      20.0, 
      120.0, 
      0.0
    ], 
    [
      40.0, 
      120.0, 
      0.0
    ], 
    [
      60.0, 
      120.0, 
      0.0
    ], 
    [
      80.0, 
      120.0, 
      0.0
    ], 
    [
      100.0, 
      120.0, 
      0.0
    ], 
    [
      120.0, 
      120.0, 
      0.0
    ], 
    [
      140.0, 
      120.0, 
      0.0
    ], 
    [
      160.0, 
      120.0, 
      0.0
    ]
  ]
}